Region;Sales;Profit;Discount
Central;501239.8908;39706.3625;0.24035299182092124
East;678781.24;91522.78;0.14536516853932585
South;391721.905;46749.4303;0.1472530864197531
West;725457.8245;108418.4489;0.10933499843896347
